name,email,gender
Wilsher,jwilsher0@whitehouse.gov,Male
Farlham,dfarlham1@blogspot.com,Male
Pargiter,rpargiter2@sciencedirect.com,Female
Fidoe,efidoe3@admin.ch,Male
Fogt,rfogt4@wired.com,Non-binary
Huby,lhuby5@webs.com,Male
Jammes,vjammes6@springer.com,Female
Donat,pdonat7@multiply.com,Female
Janman,djanman8@networksolutions.com,Male
Liles,tliles9@people.com.cn,Male
Demeza,rdemezaa@zdnet.com,Male
Blakeman,jblakemanb@sbwire.com,Male
Robbs,crobbsc@foxnews.com,Female
Noir,bnoird@desdev.cn,Genderfluid
Goodison,agoodisone@desdev.cn,Male
Paternoster,mpaternosterf@blogger.com,Male
Paulo,hpaulog@businessweek.com,Male
Crayke,lcraykeh@eepurl.com,Male
Boullin,pboullini@youku.com,Female
Bunning,pbunningj@opensource.org,Male
Logie,clogiek@meetup.com,Female
Baumford,sbaumfordl@census.gov,Male
Phillot,aphillotm@state.gov,Polygender
Simoes,rsimoesn@unicef.org,Male
Frankema,kfrankemao@ow.ly,Agender
Klulik,iklulikp@jigsy.com,Female
Careswell,dcareswellq@kickstarter.com,Male
Bryden,abrydenr@privacy.gov.au,Female
Ivankov,eivankovs@naver.com,Female
Davers,mdaverst@yahoo.co.jp,Male
Kennefick,nkenneficku@is.gd,Polygender
Wilby,cwilbyv@a8.net,Male
MacGaffey,rmacgaffeyw@adobe.com,Female
Bladge,bbladgex@samsung.com,Male
Gorges,rgorgesy@epa.gov,Genderfluid
Round,croundz@vinaora.com,Female
Greensite,tgreensite10@amazon.de,Male
Cheater,scheater11@apache.org,Female
Crollman,acrollman12@w3.org,Male
Pisculli,apisculli13@nyu.edu,Female
Serrier,nserrier14@newsvine.com,Female
Reary,creary15@google.it,Female
Grogor,bgrogor16@marriott.com,Bigender
Aitkenhead,taitkenhead17@moonfruit.com,Female
Musk,cmusk18@baidu.com,Female
Milkin,smilkin19@amazonaws.com,Male
Bevan,tbevan1a@etsy.com,Female
Artindale,lartindale1b@trellian.com,Female
Haggard,lhaggard1c@uol.com.br,Male
Pietrowski,epietrowski1d@gmpg.org,Female
Revington,arevington1e@illinois.edu,Female
Giraths,egiraths1f@vkontakte.ru,Female
Ciric,sciric1g@techcrunch.com,Female
Sneaker,csneaker1h@woothemes.com,Female
Penhall,dpenhall1i@seattletimes.com,Male
Warhurst,iwarhurst1j@edublogs.org,Female
Dulling,gdulling1k@mlb.com,Male
Skaif,fskaif1l@hatena.ne.jp,Female
Wright,jwright1m@washingtonpost.com,Male
McDonogh,tmcdonogh1n@ucoz.com,Female
Schooley,dschooley1o@huffingtonpost.com,Male
Fairbairn,kfairbairn1p@cisco.com,Female
Dulieu,cdulieu1q@pagesperso-orange.fr,Agender
Maddern,wmaddern1r@marketwatch.com,Male
Haddeston,shaddeston1s@unesco.org,Female
Goor,zgoor1t@virginia.edu,Polygender
Ector,pector1u@bigcartel.com,Male
Mundwell,gmundwell1v@skyrock.com,Male
Strelitzer,astrelitzer1w@ocn.ne.jp,Male
Shackleton,hshackleton1x@last.fm,Genderfluid
Wynne,mwynne1y@geocities.com,Male
Wickens,gwickens1z@mapy.cz,Female
O'Lagen,lolagen20@elegantthemes.com,Male
Packe,epacke21@t-online.de,Male
Grouer,tgrouer22@soundcloud.com,Male
Gatheridge,jgatheridge23@ustream.tv,Female
McPeeters,jmcpeeters24@zdnet.com,Female
Munby,lmunby25@altervista.org,Male
Ludvigsen,pludvigsen26@bandcamp.com,Male
Nanson,rnanson27@github.io,Male
Lanfranconi,rlanfranconi28@wix.com,Male
Lindenbluth,rlindenbluth29@wisc.edu,Male
Fonte,wfonte2a@uol.com.br,Male
Pagnin,fpagnin2b@trellian.com,Male
Smithson,bsmithson2c@simplemachines.org,Female
Dumphy,edumphy2d@berkeley.edu,Male
Scatcher,gscatcher2e@fotki.com,Female
Dinley,wdinley2f@cdbaby.com,Male
Solon,nsolon2g@nytimes.com,Male
Hubert,lhubert2h@elegantthemes.com,Female
Lewins,blewins2i@fda.gov,Male
Kear,bkear2j@statcounter.com,Female
Griss,mgriss2k@unc.edu,Genderqueer
Waddington,awaddington2l@ow.ly,Female
Giercke,rgiercke2m@state.tx.us,Agender
Caudray,rcaudray2n@hp.com,Female
Rizzi,frizzi2o@telegraph.co.uk,Non-binary
Nyland,tnyland2p@ustream.tv,Female
Simonin,asimonin2q@apache.org,Female
Keppe,kkeppe2r@unblog.fr,Female
Brozsset,jbrozsset2s@facebook.com,Male
Heller,mheller2t@taobao.com,Female
Gruszczak,kgruszczak2u@bloglines.com,Genderfluid
Mulvenna,hmulvenna2v@vimeo.com,Genderqueer
Eberz,reberz2w@bigcartel.com,Male
Kenworth,hkenworth2x@wix.com,Male
Marsters,jmarsters2y@blogger.com,Female
Tames,dtames2z@pcworld.com,Female
Gilbert,ggilbert30@mlb.com,Male
Mellhuish,pmellhuish31@dailymotion.com,Female
Smeed,ksmeed32@wsj.com,Female
Klement,tklement33@cdc.gov,Female
Colles,ncolles34@g.co,Male
Jales,fjales35@census.gov,Male
Leek,dleek36@bigcartel.com,Male
Sawdon,msawdon37@comsenz.com,Male
Morffew,fmorffew38@theguardian.com,Male
Bamlet,cbamlet39@netvibes.com,Male
Yushin,dyushin3a@chicagotribune.com,Male
Matysiak,lmatysiak3b@comcast.net,Female
Cristoforetti,ucristoforetti3c@hexun.com,Male
Matyushenko,rmatyushenko3d@apache.org,Male
Kase,dkase3e@skyrock.com,Male
Sine,asine3f@zimbio.com,Female
Gravatt,tgravatt3g@yahoo.co.jp,Female
Wildman,lwildman3h@berkeley.edu,Female
Leap,rleap3i@tamu.edu,Genderfluid
Clapson,mclapson3j@ibm.com,Male
Shulver,cshulver3k@tiny.cc,Female
Kun,bkun3l@over-blog.com,Bigender
Varley,cvarley3m@apple.com,Male
Espinoy,gespinoy3n@creativecommons.org,Male
Birks,gbirks3o@linkedin.com,Male
Roskeilly,wroskeilly3p@hubpages.com,Female
Satyford,jsatyford3q@elpais.com,Male
Van Bruggen,lvanbruggen3r@wikipedia.org,Male
Tedder,ctedder3s@mysql.com,Non-binary
McMeekan,rmcmeekan3t@dmoz.org,Male
Olney,solney3u@rambler.ru,Male
MacMoyer,bmacmoyer3v@unblog.fr,Male
Eastment,ceastment3w@unc.edu,Male
Vowells,cvowells3x@tumblr.com,Female
L'Episcopi,hlepiscopi3y@answers.com,Female
Reck,breck3z@nba.com,Female
Tanswell,ptanswell40@nbcnews.com,Female
Guinery,jguinery41@github.com,Male
Sikorsky,rsikorsky42@java.com,Female
Timlett,dtimlett43@usgs.gov,Male
Haws,hhaws44@facebook.com,Female
Mogenot,smogenot45@quantcast.com,Female
Babbage,hbabbage46@salon.com,Female
Hurtic,bhurtic47@alexa.com,Male
Soame,msoame48@apple.com,Female
Furmston,kfurmston49@hubpages.com,Female
Dockreay,rdockreay4a@cyberchimps.com,Female
Iorns,aiorns4b@youtu.be,Male
Woollends,mwoollends4c@cnn.com,Male
Lehrer,glehrer4d@telegraph.co.uk,Genderfluid
Ranscome,lranscome4e@tinyurl.com,Male
Alcide,ealcide4f@hugedomains.com,Male
Comley,mcomley4g@deliciousdays.com,Male
Hoult,jhoult4h@livejournal.com,Female
Pendergast,opendergast4i@scribd.com,Male
Killcross,dkillcross4j@ca.gov,Male
Reddyhoff,dreddyhoff4k@alibaba.com,Male
Dargie,wdargie4l@google.co.jp,Male
Frankcombe,afrankcombe4m@columbia.edu,Male
Pendrick,dpendrick4n@cdc.gov,Male
Grumley,bgrumley4o@mozilla.org,Male
Lademann,nlademann4p@mlb.com,Non-binary
Maylard,vmaylard4q@privacy.gov.au,Male
Walewski,rwalewski4r@wiley.com,Male
Littleproud,plittleproud4s@mozilla.org,Female
Charpin,bcharpin4t@newyorker.com,Male
Fruser,gfruser4u@nbcnews.com,Male
Malia,mmalia4v@sun.com,Male
Gozzard,ogozzard4w@gmpg.org,Female
Garett,agarett4x@pbs.org,Male
Ordish,dordish4y@issuu.com,Female
Hurle,rhurle4z@epa.gov,Male
Eagers,aeagers50@github.io,Female
Burds,pburds51@walmart.com,Female
Spaunton,cspaunton52@auda.org.au,Female
Wareham,rwareham53@reuters.com,Female
Shann,cshann54@jiathis.com,Female
Byrcher,kbyrcher55@etsy.com,Male
Havick,ghavick56@indiatimes.com,Male
Beldon,jbeldon57@surveymonkey.com,Male
Tolemache,ntolemache58@example.com,Female
De Cruce,tdecruce59@facebook.com,Female
Christopherson,schristopherson5a@dagondesign.com,Polygender
Sherrott,lsherrott5b@xing.com,Female
Cassley,ccassley5c@cafepress.com,Female
Windley,swindley5d@xrea.com,Female
Clitherow,fclitherow5e@163.com,Male
Durnford,adurnford5f@gov.uk,Genderqueer
Maso,tmaso5g@rediff.com,Male
Killock,wkillock5h@cloudflare.com,Male
Baldock,rbaldock5i@google.com.br,Female
Bould,ibould5j@tumblr.com,Female
Coppin,bcoppin5k@dion.ne.jp,Male
Spoward,gspoward5l@yellowpages.com,Female
McGillivrie,amcgillivrie5m@issuu.com,Female
Tootell,ktootell5n@com.com,Female
Blincoe,gblincoe5o@opensource.org,Male
Marke,bmarke5p@amazon.co.uk,Female
Pitts,bpitts5q@nyu.edu,Male
Piggot,mpiggot5r@reference.com,Male
Swettenham,lswettenham5s@microsoft.com,Female
Carreck,ecarreck5t@tripod.com,Male
Frie,wfrie5u@sphinn.com,Male
Randales,mrandales5v@sfgate.com,Male
Hynd,rhynd5w@dell.com,Female
Jura,rjura5x@alibaba.com,Female
Delle,idelle5y@1688.com,Male
Dods,adods5z@hc360.com,Male
Cremer,acremer60@tumblr.com,Male
McIlhagga,jmcilhagga61@aboutads.info,Male
Willmett,cwillmett62@cisco.com,Female
Bilborough,ebilborough63@cocolog-nifty.com,Male
Fullun,ifullun64@bizjournals.com,Male
Oleszczak,toleszczak65@skyrock.com,Male
Cymper,scymper66@edublogs.org,Female
Stanyan,lstanyan67@telegraph.co.uk,Male
Cordner,mcordner68@wsj.com,Female
Alforde,aalforde69@addtoany.com,Male
Gasparro,lgasparro6a@odnoklassniki.ru,Male
Goreway,sgoreway6b@virginia.edu,Female
MacCarter,dmaccarter6c@toplist.cz,Male
Bernardeschi,mbernardeschi6d@squidoo.com,Male
Lindenfeld,mlindenfeld6e@washingtonpost.com,Agender
Wonfor,cwonfor6f@dailymail.co.uk,Male
Le Grand,hlegrand6g@trellian.com,Female
McCurlye,smccurlye6h@slate.com,Male
Marcussen,hmarcussen6i@ftc.gov,Male
Keasley,ckeasley6j@va.gov,Male
Bearne,abearne6k@mashable.com,Male
Coursor,xcoursor6l@jigsy.com,Female
Rainsden,crainsden6m@whitehouse.gov,Female
Dunwoody,bdunwoody6n@usatoday.com,Female
Renny,jrenny6o@about.me,Male
Heis,vheis6p@odnoklassniki.ru,Male
Loughhead,rloughhead6q@google.fr,Male
Lawranson,nlawranson6r@cbslocal.com,Female
Williamson,twilliamson6s@time.com,Female
Choffin,achoffin6t@soundcloud.com,Male
Sweeny,ssweeny6u@apache.org,Male
Kupke,jkupke6v@e-recht24.de,Female
Celez,wcelez6w@google.pl,Female
Ranby,granby6x@storify.com,Female
Orry,borry6y@narod.ru,Female
Freegard,afreegard6z@newsvine.com,Male
Sterricks,msterricks70@clickbank.net,Female
Leitche,gleitche71@typepad.com,Female
Liveing,jliveing72@weebly.com,Male
McDuffy,dmcduffy73@w3.org,Male
Adnams,fadnams74@prnewswire.com,Male
Besnard,hbesnard75@pbs.org,Male
Benet,cbenet76@dailymotion.com,Female
Rathke,mrathke77@archive.org,Male
Sinson,csinson78@nydailynews.com,Male
De La Hay,jdelahay79@slate.com,Female
Colisbe,fcolisbe7a@boston.com,Male
Wilshere,jwilshere7b@tumblr.com,Female
Streetfield,cstreetfield7c@t-online.de,Non-binary
Musgrove,hmusgrove7d@squarespace.com,Female
Rendbaek,nrendbaek7e@harvard.edu,Female
Rulten,prulten7f@delicious.com,Genderfluid
Berkely,mberkely7g@deliciousdays.com,Male
Kersaw,ekersaw7h@youtube.com,Male
Road,aroad7i@youtube.com,Female
Filipiak,rfilipiak7j@freewebs.com,Bigender
Catchpole,lcatchpole7k@boston.com,Female
Maude,hmaude7l@techcrunch.com,Male
Hindge,shindge7m@prweb.com,Female
Gerry,pgerry7n@google.co.uk,Non-binary
Shillito,ashillito7o@joomla.org,Female
Castellino,tcastellino7p@telegraph.co.uk,Female
Dempster,adempster7q@spotify.com,Male
Leedal,lleedal7r@adobe.com,Male
Giraldez,jgiraldez7s@hao123.com,Male
Stelfox,sstelfox7t@intel.com,Female
Muddle,jmuddle7u@printfriendly.com,Female
Jenk,cjenk7v@zimbio.com,Male
Lundbeck,blundbeck7w@imageshack.us,Male
Skoate,hskoate7x@flavors.me,Female
Haggarty,ghaggarty7y@cbslocal.com,Male
Thirst,dthirst7z@nationalgeographic.com,Female
Fotherby,rfotherby80@wufoo.com,Male
Kelland,pkelland81@blogtalkradio.com,Male
Dacres,adacres82@google.co.jp,Male
Boylan,vboylan83@cbsnews.com,Female
Nolleth,hnolleth84@virginia.edu,Female
Sandbatch,jsandbatch85@hugedomains.com,Bigender
Beddow,sbeddow86@meetup.com,Polygender
Preedy,apreedy87@guardian.co.uk,Male
Stollery,lstollery88@yale.edu,Male
Symondson,rsymondson89@amazonaws.com,Female
Klee,rklee8a@bandcamp.com,Female
Martt,cmartt8b@shop-pro.jp,Male
Gorhardt,cgorhardt8c@tripod.com,Female
Sherwood,wsherwood8d@sciencedirect.com,Agender
Braikenridge,dbraikenridge8e@hibu.com,Male
Libbe,hlibbe8f@who.int,Male
Brislan,lbrislan8g@usgs.gov,Male
Connock,jconnock8h@illinois.edu,Male
Mancer,bmancer8i@tripod.com,Male
Spikeings,bspikeings8j@e-recht24.de,Female
Challis,bchallis8k@phpbb.com,Bigender
Farmiloe,pfarmiloe8l@shinystat.com,Male
Risen,drisen8m@who.int,Male
Smythe,csmythe8n@istockphoto.com,Male
Skentelbery,bskentelbery8o@nasa.gov,Male
Pountain,rpountain8p@prnewswire.com,Female
Saffon,lsaffon8q@dyndns.org,Polygender
Vynall,yvynall8r@bluehost.com,Male
Topley,gtopley8s@usatoday.com,Female
Jowsey,cjowsey8t@e-recht24.de,Male
Janicek,mjanicek8u@homestead.com,Genderfluid
Windows,ywindows8v@4shared.com,Female
Elvins,selvins8w@cisco.com,Male
Attenborough,gattenborough8x@storify.com,Male
Prescot,vprescot8y@dell.com,Genderqueer
Blinman,tblinman8z@privacy.gov.au,Male
Euesden,aeuesden90@sina.com.cn,Female
Hurdedge,churdedge91@t.co,Male
Beeke,cbeeke92@prweb.com,Female
Gillebride,mgillebride93@mit.edu,Male
Caddell,bcaddell94@oakley.com,Male
Watkiss,jwatkiss95@reddit.com,Male
Kamall,kkamall96@newyorker.com,Male
Britt,sbritt97@nymag.com,Female
Harce,mharce98@mlb.com,Male
Marner,nmarner99@fema.gov,Genderfluid
Sainer,msainer9a@businesswire.com,Genderfluid
Dewfall,edewfall9b@dyndns.org,Female
Bodega,hbodega9c@ucla.edu,Female
Ganiford,rganiford9d@webnode.com,Female
Nappin,anappin9e@gmpg.org,Female
Thurling,athurling9f@jigsy.com,Female
Davidai,rdavidai9g@thetimes.co.uk,Male
Tungate,gtungate9h@reddit.com,Male
Fawdrie,efawdrie9i@joomla.org,Female
Tatnell,statnell9j@360.cn,Female
Breadon,dbreadon9k@oaic.gov.au,Male
Mompesson,lmompesson9l@tiny.cc,Female
Dodridge,ldodridge9m@china.com.cn,Male
Call,jcall9n@ameblo.jp,Male
Gristock,ygristock9o@census.gov,Female
Grigorescu,rgrigorescu9p@hubpages.com,Male
Cutmore,ocutmore9q@latimes.com,Female
Grimoldby,agrimoldby9r@webnode.com,Female
MacAnelley,lmacanelley9s@plala.or.jp,Female
Alexis,malexis9t@drupal.org,Male
Rowlett,hrowlett9u@nydailynews.com,Female
Kendall,skendall9v@wikispaces.com,Female
Recher,lrecher9w@usnews.com,Female
Hockey,khockey9x@jiathis.com,Male
Matsell,smatsell9y@devhub.com,Male
Hatchard,rhatchard9z@hugedomains.com,Female
O'Longain,uolongaina0@sbwire.com,Female
Grabb,dgrabba1@nature.com,Male
Cullinan,kcullinana2@bigcartel.com,Agender
Atlay,latlaya3@cdbaby.com,Male
Powton,jpowtona4@mayoclinic.com,Male
Tooke,itookea5@usgs.gov,Female
Langsdon,blangsdona6@prlog.org,Female
Volette,avolettea7@opensource.org,Polygender
Troubridge,jtroubridgea8@zimbio.com,Male
Matson,tmatsona9@twitter.com,Non-binary
Sparham,bsparhamaa@reverbnation.com,Male
Brymham,tbrymhamab@issuu.com,Male
Rennicks,crennicksac@rambler.ru,Male
McLucas,cmclucasad@rambler.ru,Male
McDonnell,lmcdonnellae@eepurl.com,Male
Gringley,agringleyaf@archive.org,Male
Jollye,kjollyeag@wsj.com,Female
Di Giacomettino,mdigiacomettinoah@marriott.com,Male
Varnham,mvarnhamai@geocities.com,Female
McEneny,cmcenenyaj@ning.com,Male
Moss,hmossak@berkeley.edu,Male
Robertet,crobertetal@ezinearticles.com,Female
Greaterex,vgreaterexam@moonfruit.com,Female
Kerins,jkerinsan@furl.net,Female
Menilove,bmeniloveao@spotify.com,Male
Deedes,adeedesap@behance.net,Polygender
Clendinning,jclendinningaq@hugedomains.com,Female
Mostyn,gmostynar@wix.com,Female
Thunnercliff,tthunnercliffas@uiuc.edu,Female
McKennan,tmckennanat@hhs.gov,Male
Hugues,mhuguesau@prnewswire.com,Male
Engeham,dengehamav@amazon.de,Female
Reolfo,wreolfoaw@addtoany.com,Female
Shipperbottom,dshipperbottomax@zdnet.com,Male
Piddick,lpiddickay@narod.ru,Female
Greenshiels,bgreenshielsaz@goodreads.com,Female
Baumert,ebaumertb0@economist.com,Male
Coldwell,acoldwellb1@usatoday.com,Female
Cornock,dcornockb2@xinhuanet.com,Female
Bricksey,jbrickseyb3@behance.net,Male
Burn,mburnb4@blogspot.com,Female
Curlis,tcurlisb5@posterous.com,Male
Lippett,glippettb6@dyndns.org,Agender
Gilburt,ggilburtb7@prnewswire.com,Female
Scoular,sscoularb8@npr.org,Male
Vettore,pvettoreb9@constantcontact.com,Male
Peatman,gpeatmanba@tuttocitta.it,Female
Mabon,gmabonbb@soundcloud.com,Male
Garrals,agarralsbc@deviantart.com,Female
Dumbrill,bdumbrillbd@twitter.com,Male
Hollindale,ehollindalebe@exblog.jp,Non-binary
Baird,abairdbf@macromedia.com,Male
Edscer,aedscerbg@deviantart.com,Male
MacKimmie,lmackimmiebh@is.gd,Male
Wey,zweybi@mozilla.org,Female
McQuade,gmcquadebj@com.com,Male
Murty,cmurtybk@spotify.com,Female
Gerriet,tgerrietbl@yandex.ru,Female
Esposi,lesposibm@gizmodo.com,Female
Willers,pwillersbn@ameblo.jp,Female
Hubert,chubertbo@apache.org,Female
Guillou,vguilloubp@chronoengine.com,Male
Genner,jgennerbq@simplemachines.org,Female
Eldredge,leldredgebr@newsvine.com,Female
Langthorne,jlangthornebs@biblegateway.com,Female
Lackington,plackingtonbt@posterous.com,Female
Edbrooke,aedbrookebu@si.edu,Female
Gemlett,dgemlettbv@sina.com.cn,Female
Westrey,awestreybw@sourceforge.net,Male
Ellicott,aellicottbx@etsy.com,Male
Treagust,rtreagustby@geocities.com,Female
Swayland,pswaylandbz@narod.ru,Male
Ledward,aledwardc0@domainmarket.com,Female
Garard,egarardc1@skype.com,Bigender
Tarbert,rtarbertc2@statcounter.com,Female
Brookhouse,gbrookhousec3@nsw.gov.au,Female
Orteu,lorteuc4@sciencedaily.com,Male
Learie,pleariec5@latimes.com,Female
Petegre,apetegrec6@sciencedaily.com,Male
Ioselev,eioselevc7@mozilla.org,Female
Zanetello,azanetelloc8@qq.com,Female
Giannini,cgianninic9@gizmodo.com,Female
Body,cbodyca@google.it,Female
Lie,hliecb@wordpress.org,Female
Conre,econrecc@blinklist.com,Male
Leidecker,tleideckercd@fastcompany.com,Male
Addicote,maddicotece@mail.ru,Male
Goodsall,dgoodsallcf@google.com.hk,Male
Paradis,bparadiscg@chicagotribune.com,Male
Tallon,btallonch@creativecommons.org,Male
Skip,bskipci@chronoengine.com,Female
Coltan,jcoltancj@latimes.com,Male
Euels,geuelsck@quantcast.com,Non-binary
Manus,rmanuscl@rakuten.co.jp,Male
Aymer,raymercm@sun.com,Male
McKew,rmckewcn@census.gov,Male
Cawkwell,bcawkwellco@phoca.cz,Female
Fasler,ffaslercp@csmonitor.com,Male
Gruczka,bgruczkacq@kickstarter.com,Male
Russan,crussancr@nih.gov,Female
Topes,gtopescs@arstechnica.com,Male
Arran,farranct@wikimedia.org,Female
Gaydon,tgaydoncu@livejournal.com,Male
Clipston,hclipstoncv@usda.gov,Female
Pooley,npooleycw@loc.gov,Male
Marikhin,lmarikhincx@issuu.com,Male
Okeshott,kokeshottcy@virginia.edu,Male
Lightowler,elightowlercz@timesonline.co.uk,Female
Coning,mconingd0@intel.com,Polygender
Astlatt,sastlattd1@phpbb.com,Female
Hamprecht,khamprechtd2@baidu.com,Female
Snepp,ksneppd3@xrea.com,Female
Dogerty,pdogertyd4@hubpages.com,Female
Coady,rcoadyd5@nyu.edu,Female
Kochs,skochsd6@imgur.com,Male
McGraffin,amcgraffind7@uiuc.edu,Female
Huygens,jhuygensd8@netlog.com,Female
Lorans,cloransd9@princeton.edu,Female
Giggs,mgiggsda@multiply.com,Male
Grob,ggrobdb@gizmodo.com,Female
Ledekker,kledekkerdc@stumbleupon.com,Male
Sheran,ssherandd@nba.com,Agender
Larver,nlarverde@spotify.com,Male
Andress,candressdf@xing.com,Female
Mangenot,emangenotdg@hibu.com,Female
Lewsam,clewsamdh@archive.org,Genderfluid
Wrightson,awrightsondi@51.la,Female
Harker,dharkerdj@google.ru,Bigender
Vitall,fvitalldk@google.de,Male
Iacovozzo,miacovozzodl@github.com,Female
Brigg,ebriggdm@gmpg.org,Female
Bonhill,tbonhilldn@patch.com,Male
Onion,foniondo@godaddy.com,Male
Guinan,rguinandp@wordpress.org,Female
Dudny,wdudnydq@free.fr,Bigender
Martinek,amartinekdr@wikispaces.com,Female
Blest,ablestds@naver.com,Female
Ivanaev,fivanaevdt@china.com.cn,Non-binary
Critchlow,scritchlowdu@arizona.edu,Female
Bleesing,gbleesingdv@biblegateway.com,Female
Barrass,rbarrassdw@vkontakte.ru,Male
Andreia,pandreiadx@scientificamerican.com,Female
Heading,aheadingdy@about.me,Male
Awcock,lawcockdz@scribd.com,Female
Scoggins,jscogginse0@mac.com,Non-binary
Bostick,gbosticke1@feedburner.com,Genderfluid
Lecky,lleckye2@nytimes.com,Male
Nellen,rnellene3@kickstarter.com,Female
Holhouse,sholhousee4@trellian.com,Female
Mizzi,kmizzie5@google.ca,Male
Talloe,ltalloee6@google.de,Male
Coppock.,scoppocke7@opensource.org,Female
Raft,frafte8@reference.com,Male
Float,bfloate9@t.co,Male
Scheffel,fscheffelea@spiegel.de,Male
Theyer,ftheyereb@jigsy.com,Female
Lomond,rlomondec@earthlink.net,Male
Corness,ncornessed@wordpress.org,Male
Cawthera,fcawtheraee@cloudflare.com,Female
Carwardine,ocarwardineef@netvibes.com,Male
Whifen,bwhifeneg@sfgate.com,Polygender
Cleall,bclealleh@bluehost.com,Female
Clulee,acluleeei@eventbrite.com,Female
Sedgebeer,bsedgebeerej@constantcontact.com,Female
Cuolahan,ccuolahanek@aboutads.info,Female
Balcombe,rbalcombeel@bloglovin.com,Male
Ounsworth,sounsworthem@japanpost.jp,Male
Patroni,bpatronien@buzzfeed.com,Male
Ruzic,fruziceo@icq.com,Female
Halshaw,bhalshawep@ted.com,Male
McIlherran,bmcilherraneq@altervista.org,Female
Dymond,sdymonder@google.co.jp,Male
Farnie,sfarniees@nifty.com,Female
Fenix,tfenixet@forbes.com,Female
Tamblyn,mtamblyneu@oakley.com,Male
Meadowcraft,mmeadowcraftev@yolasite.com,Male
Callaway,lcallawayew@sbwire.com,Genderqueer
Instrell,rinstrellex@woothemes.com,Female
Hounihan,jhounihaney@geocities.jp,Agender
Stilly,dstillyez@craigslist.org,Female
Bourthouloume,cbourthouloumef0@sphinn.com,Female
Caswell,ocaswellf1@vk.com,Male
Puckey,cpuckeyf2@vimeo.com,Male
Eslie,qeslief3@alibaba.com,Male
Sighard,asighardf4@yahoo.co.jp,Female
Rowcastle,drowcastlef5@w3.org,Male
Gemmill,agemmillf6@w3.org,Male
Kerfod,lkerfodf7@dagondesign.com,Polygender
Helstrom,nhelstromf8@cmu.edu,Male
Hatrick,mhatrickf9@e-recht24.de,Male
Blown,iblownfa@wired.com,Male
MacMenamie,kmacmenamiefb@ezinearticles.com,Female
Strooband,sstroobandfc@marriott.com,Male
Beidebeke,cbeidebekefd@gnu.org,Male
Arnely,earnelyfe@google.cn,Male
Scuffham,hscuffhamff@sina.com.cn,Female
Chat,mchatfg@apple.com,Female
Spera,msperafh@canalblog.com,Genderfluid
Wilstead,hwilsteadfi@gizmodo.com,Female
Pole,lpolefj@photobucket.com,Polygender
Canacott,ecanacottfk@nymag.com,Female
Gatchel,vgatchelfl@hhs.gov,Female
Robson,yrobsonfm@spotify.com,Male
Bambrough,obambroughfn@google.com.au,Male
Sarch,msarchfo@pinterest.com,Female
Baseggio,dbaseggiofp@last.fm,Male
Owtram,gowtramfq@cnet.com,Female
Campbell,hcampbellfr@state.tx.us,Male
Whitebrook,awhitebrookfs@sakura.ne.jp,Female
Guard,lguardft@auda.org.au,Male
Naulls,mnaullsfu@liveinternet.ru,Female
Frushard,dfrushardfv@constantcontact.com,Male
Nester,tnesterfw@bbc.co.uk,Female
Giraudo,mgiraudofx@123-reg.co.uk,Female
Tregiddo,rtregiddofy@ovh.net,Female
Biermatowicz,rbiermatowiczfz@dagondesign.com,Female
McCorrie,kmccorrieg0@about.me,Female
Carcass,mcarcassg1@live.com,Female
Bendan,abendang2@desdev.cn,Female
Dudman,gdudmang3@latimes.com,Female
Cressingham,hcressinghamg4@seesaa.net,Male
McGibbon,imcgibbong5@example.com,Female
Amner,camnerg6@gmpg.org,Male
Broggetti,dbroggettig7@studiopress.com,Female
Sleeman,fsleemang8@prlog.org,Polygender
Trahar,jtraharg9@canalblog.com,Female
Glyde,cglydega@thetimes.co.uk,Male
Marsland,imarslandgb@feedburner.com,Female
Denyukhin,edenyukhingc@upenn.edu,Female
Metson,mmetsongd@domainmarket.com,Male
Kneeland,akneelandge@theglobeandmail.com,Male
Labb,plabbgf@weibo.com,Male
Dyott,gdyottgg@ed.gov,Female
McMeanma,pmcmeanmagh@fda.gov,Genderqueer
Reeks,kreeksgi@angelfire.com,Female
Stanman,lstanmangj@samsung.com,Male
Carstairs,kcarstairsgk@wordpress.com,Female
Swatland,gswatlandgl@myspace.com,Male
Theriot,ktheriotgm@cisco.com,Male
Fairnington,dfairningtongn@dell.com,Female
Spinozzi,hspinozzigo@foxnews.com,Male
Minshall,cminshallgp@cpanel.net,Female
Erdes,qerdesgq@qq.com,Male
Dumphreys,adumphreysgr@tiny.cc,Female
McCourtie,fmccourtiegs@ucla.edu,Male
Cartmael,gcartmaelgt@blinklist.com,Genderqueer
Dugood,zdugoodgu@4shared.com,Female
Glazer,cglazergv@webeden.co.uk,Male
Spender,pspendergw@t-online.de,Male
Igoe,figoegx@amazonaws.com,Male
Shropshire,cshropshiregy@hugedomains.com,Male
Lilburne,dlilburnegz@hibu.com,Male
Calder,icalderh0@dailymail.co.uk,Female
Landreth,mlandrethh1@ucoz.com,Female
Gavini,ggavinih2@eepurl.com,Female
Plank,aplankh3@berkeley.edu,Female
de Clerc,gdeclerch4@ibm.com,Female
MacHarg,dmachargh5@example.com,Male
Middas,dmiddash6@icio.us,Male
Brisson,sbrissonh7@squarespace.com,Bigender
Bidewell,tbidewellh8@si.edu,Female
Wayon,awayonh9@hhs.gov,Male
Craigie,lcraigieha@wikia.com,Male
Gillice,jgillicehb@hao123.com,Male
Tandy,standyhc@myspace.com,Female
Milius,bmiliushd@vimeo.com,Male
Chucks,nchuckshe@liveinternet.ru,Male
Feary,vfearyhf@shop-pro.jp,Bigender
Manicom,kmanicomhg@state.gov,Genderqueer
Jeandin,sjeandinhh@google.com.hk,Female
Stefi,bstefihi@state.gov,Female
Lingard,wlingardhj@e-recht24.de,Male
Longley,ilongleyhk@tinyurl.com,Male
McGaughie,rmcgaughiehl@smugmug.com,Female
Dauby,hdaubyhm@state.tx.us,Female
Widmore,uwidmorehn@forbes.com,Female
Breede,kbreedeho@mac.com,Male
Szymoni,pszymonihp@com.com,Male
O'Cleary,doclearyhq@columbia.edu,Male
Norquay,fnorquayhr@elpais.com,Female
Nealon,enealonhs@globo.com,Male
Kemell,gkemellht@netscape.com,Female
Laingmaid,claingmaidhu@narod.ru,Male
Guard,vguardhv@globo.com,Genderqueer
Barrass,ebarrasshw@adobe.com,Male
Petrina,bpetrinahx@ucoz.com,Genderfluid
Nern,wnernhy@fc2.com,Male
Kiff,gkiffhz@soundcloud.com,Female
Evreux,nevreuxi0@npr.org,Male
Dormand,rdormandi1@cnet.com,Female
Dahlman,ndahlmani2@sfgate.com,Female
Banyard,kbanyardi3@trellian.com,Female
Hussey,jhusseyi4@ycombinator.com,Female
Schumacher,cschumacheri5@cornell.edu,Female
Edgin,cedgini6@hud.gov,Female
McCarlich,smccarlichi7@squarespace.com,Female
Bentham,ebenthami8@unicef.org,Male
Lahive,alahivei9@wisc.edu,Female
Culmer,cculmeria@webeden.co.uk,Female
Duce,aduceib@vkontakte.ru,Male
Anderton,aandertonic@unesco.org,Female
Job,mjobid@fema.gov,Female
Ferdinand,iferdinandie@elpais.com,Female
Lofting,kloftingif@privacy.gov.au,Male
Stadding,gstaddingig@51.la,Female
Jemmett,pjemmettih@washingtonpost.com,Female
Brandle,jbrandleii@latimes.com,Female
Bryer,jbryerij@cafepress.com,Female
Tootal,etootalik@reuters.com,Male
Newe,aneweil@instagram.com,Female
Edlyne,gedlyneim@state.tx.us,Female
Regina,areginain@issuu.com,Female
Plumbridge,gplumbridgeio@jimdo.com,Female
Moriarty,omoriartyip@nytimes.com,Male
Peasegood,gpeasegoodiq@abc.net.au,Female
Dibbin,edibbinir@apple.com,Female
Goodlip,egoodlipis@hubpages.com,Female
Giacoboni,agiacoboniit@webs.com,Female
Buffin,cbuffiniu@google.cn,Female
Andric,eandriciv@nasa.gov,Male
Bottoms,ibottomsiw@last.fm,Male
Sever,sseverix@tumblr.com,Male
Peedell,epeedelliy@bizjournals.com,Female
Casebourne,jcasebourneiz@skype.com,Male
Shovelbottom,lshovelbottomj0@nps.gov,Non-binary
Isack,cisackj1@narod.ru,Male
Elsmore,helsmorej2@sohu.com,Female
Lillicrop,ylillicropj3@gmpg.org,Female
Lonsdale,flonsdalej4@home.pl,Non-binary
Ondrak,condrakj5@msn.com,Female
Tranckle,dtrancklej6@senate.gov,Polygender
Gillino,mgillinoj7@livejournal.com,Female
Christene,bchristenej8@hp.com,Female
Saxton,esaxtonj9@acquirethisname.com,Male
Tebbutt,stebbuttja@quantcast.com,Female
Bowmen,jbowmenjb@ted.com,Male
Yukhnini,jyukhninijc@tripadvisor.com,Female
Orteu,worteujd@mail.ru,Female
Donald,bdonaldje@craigslist.org,Genderqueer
Featherstone,nfeatherstonejf@oracle.com,Female
Secombe,bsecombejg@psu.edu,Female
Vye,cvyejh@prlog.org,Female
Charleston,echarlestonji@hostgator.com,Male
Werner,swernerjj@theguardian.com,Female
Guerrier,sguerrierjk@simplemachines.org,Male
Odam,kodamjl@nationalgeographic.com,Male
Beniesh,tbenieshjm@macromedia.com,Male
Dreher,cdreherjn@canalblog.com,Male
Skeath,askeathjo@liveinternet.ru,Non-binary
Emanuel,gemanueljp@cyberchimps.com,Female
Cristea,mcristeajq@imgur.com,Male
Tokell,wtokelljr@prnewswire.com,Male
Dunridge,mdunridgejs@admin.ch,Male
Standish,jstandishjt@a8.net,Female
Jupp,cjuppju@trellian.com,Male
Ebbers,eebbersjv@google.co.uk,Male
Smallpiece,ismallpiecejw@theguardian.com,Male
Creer,acreerjx@blogs.com,Female
Ducroe,cducroejy@taobao.com,Female
Greenstreet,mgreenstreetjz@exblog.jp,Female
Dawtre,adawtrek0@sphinn.com,Female
Faire,vfairek1@webnode.com,Male
Cooke,hcookek2@imdb.com,Male
Ramos,framosk3@blogtalkradio.com,Genderfluid
Frogley,gfrogleyk4@angelfire.com,Male
Conklin,lconklink5@engadget.com,Female
Segoe,fsegoek6@weebly.com,Male
De Cleen,jdecleenk7@latimes.com,Female
Casley,acasleyk8@networkadvertising.org,Female
Stenson,estensonk9@paginegialle.it,Male
Calrow,mcalrowka@twitter.com,Female
Dulinty,kdulintykb@dailymail.co.uk,Polygender
Warricker,fwarrickerkc@i2i.jp,Male
Hedgeley,shedgeleykd@unicef.org,Bigender
Wasling,mwaslingke@paypal.com,Non-binary
Sloey,esloeykf@hhs.gov,Female
Lezemere,alezemerekg@cbc.ca,Female
Iscowitz,biscowitzkh@jalbum.net,Female
Sieve,msieveki@uol.com.br,Male
Potbury,rpotburykj@ftc.gov,Female
Pitkins,rpitkinskk@intel.com,Male
Bryett,jbryettkl@gnu.org,Female
Bellwood,bbellwoodkm@bing.com,Male
McCaughen,tmccaughenkn@google.com.au,Female
MacNeely,mmacneelyko@sun.com,Male
Kaufman,okaufmankp@xrea.com,Female
Brittain,cbrittainkq@flavors.me,Female
Heiner,fheinerkr@weibo.com,Female
Gotts,bgottsks@biblegateway.com,Female
Coppledike,acoppledikekt@constantcontact.com,Male
Pesselt,mpesseltku@fema.gov,Female
Gopsall,cgopsallkv@hhs.gov,Male
Bore,rborekw@answers.com,Male
MacKellen,mmackellenkx@europa.eu,Female
Maggiore,gmaggioreky@timesonline.co.uk,Male
Tyrrell,jtyrrellkz@mozilla.org,Female
Yanuk,gyanukl0@go.com,Male
Chinn,jchinnl1@etsy.com,Bigender
Gherardesci,cgherardescil2@bing.com,Male
Buggs,bbuggsl3@odnoklassniki.ru,Male
Presman,apresmanl4@wunderground.com,Male
Sanford,lsanfordl5@wix.com,Male
Cholton,acholtonl6@wordpress.com,Male
Cavie,kcaviel7@skype.com,Male
Dubose,edubosel8@gov.uk,Male
Asker,faskerl9@berkeley.edu,Male
Pedri,mpedrila@ft.com,Female
Duinbleton,jduinbletonlb@home.pl,Female
Bradmore,sbradmorelc@studiopress.com,Female
Holah,bholahld@spiegel.de,Male
Fison,cfisonle@weibo.com,Male
Haack,ehaacklf@tamu.edu,Agender
Ducker,aduckerlg@unc.edu,Male
Gilstoun,cgilstounlh@businessweek.com,Female
Sapey,dsapeyli@deliciousdays.com,Male
Oxenham,aoxenhamlj@desdev.cn,Male
MacAllen,gmacallenlk@hao123.com,Male
Harmes,hharmesll@epa.gov,Male
Persse,kpersselm@plala.or.jp,Male
Willoughey,owillougheyln@skyrock.com,Female
Sawney,bsawneylo@acquirethisname.com,Male
Timson,atimsonlp@livejournal.com,Female
Abramamovh,sabramamovhlq@hc360.com,Male
Bleeze,bbleezelr@foxnews.com,Female
Simpson,dsimpsonls@nymag.com,Male
Lethbury,rlethburylt@boston.com,Female
Gallienne,dgalliennelu@cdbaby.com,Polygender
Pantling,gpantlinglv@kickstarter.com,Female
Gammon,ngammonlw@msu.edu,Female
Cutajar,vcutajarlx@microsoft.com,Male
Myderscough,smyderscoughly@who.int,Male
Sancto,nsanctolz@icq.com,Male
Godspeede,jgodspeedem0@mlb.com,Female
Craigmyle,bcraigmylem1@shareasale.com,Male
Tullett,stullettm2@nhs.uk,Female
McCard,dmccardm3@weibo.com,Female
Myring,gmyringm4@vistaprint.com,Female
Cranney,wcranneym5@reverbnation.com,Male
Sample,gsamplem6@oracle.com,Female
Buckett,fbuckettm7@nature.com,Male
Gandley,bgandleym8@weebly.com,Female
Sallings,asallingsm9@123-reg.co.uk,Male
Brandts,gbrandtsma@edublogs.org,Female
Cloney,acloneymb@homestead.com,Female
Dealy,vdealymc@macromedia.com,Male
Davitt,sdavittmd@reddit.com,Male
Setterington,ssetteringtonme@berkeley.edu,Female
Summerlee,ssummerleemf@google.com.hk,Male
Cornforth,gcornforthmg@nba.com,Female
Walkden,swalkdenmh@bing.com,Male
Walework,cwaleworkmi@squidoo.com,Male
Van Der Hoog,cvanderhoogmj@nifty.com,Male
Bellwood,bbellwoodmk@de.vu,Female
Milverton,cmilvertonml@g.co,Female
Yarrell,eyarrellmm@bing.com,Female
Castiglioni,scastiglionimn@symantec.com,Male
Locke,dlockemo@facebook.com,Male
Borne,abornemp@photobucket.com,Female
Crolly,jcrollymq@paypal.com,Female
Ingliby,tinglibymr@slate.com,Male
Rontsch,srontschms@earthlink.net,Genderfluid
Saiz,ksaizmt@sina.com.cn,Genderqueer
Lamlin,jlamlinmu@sbwire.com,Male
Folker,afolkermv@chron.com,Male
Wetherhead,twetherheadmw@miibeian.gov.cn,Male
Giacoboni,rgiacobonimx@pinterest.com,Genderfluid
Aspell,baspellmy@imageshack.us,Male
Artin,eartinmz@loc.gov,Male
Wimpenny,ewimpennyn0@buzzfeed.com,Male
Domelow,pdomelown1@tmall.com,Male
Scorrer,gscorrern2@e-recht24.de,Female
Laingmaid,rlaingmaidn3@constantcontact.com,Male
Niess,gniessn4@cnbc.com,Female
Haysar,lhaysarn5@usgs.gov,Female
Jamme,ijammen6@army.mil,Male
Conlaund,aconlaundn7@163.com,Male
Atwool,datwooln8@shutterfly.com,Male
Philippon,gphilipponn9@blogger.com,Female
Erskine,derskinena@toplist.cz,Female
Chadbourn,achadbournnb@tumblr.com,Female
Kirtland,hkirtlandnc@imgur.com,Male
Ferneyhough,lferneyhoughnd@shareasale.com,Female
Baelde,jbaeldene@oracle.com,Female
Munroe,dmunroenf@infoseek.co.jp,Female
Guerrieri,rguerriering@nbcnews.com,Agender
Bambrick,dbambricknh@census.gov,Female
Goadby,dgoadbyni@sohu.com,Male
Bazely,lbazelynj@state.gov,Male
Grugerr,egrugerrnk@behance.net,Male
Matyushkin,rmatyushkinnl@thetimes.co.uk,Polygender
Few,cfewnm@tinypic.com,Male
Marran,lmarrannn@latimes.com,Bigender
Risdale,arisdaleno@discuz.net,Male
Henrion,dhenrionnp@xrea.com,Male
Plascott,bplascottnq@cisco.com,Female
Menilove,wmenilovenr@imgur.com,Female
Greves,hgrevesns@businessweek.com,Male
Verchambre,mverchambrent@odnoklassniki.ru,Male
Sussex,esussexnu@cloudflare.com,Female
Josupeit,gjosupeitnv@123-reg.co.uk,Male
Poolman,apoolmannw@ca.gov,Female
M'Chirrie,smchirrienx@npr.org,Male
Buckle,cbuckleny@usda.gov,Female
Tallet,btalletnz@cisco.com,Female
Presnail,mpresnailo0@oracle.com,Female
Riccardi,sriccardio1@sina.com.cn,Female
MacKerley,mmackerleyo2@ning.com,Female
Dagwell,ndagwello3@businesswire.com,Male
O'Sheils,hosheilso4@123-reg.co.uk,Non-binary
Landrick,llandricko5@home.pl,Male
Blaby,kblabyo6@etsy.com,Male
Sonley,lsonleyo7@princeton.edu,Male
Corner,ccornero8@phpbb.com,Male
Pickles,gpickleso9@lycos.com,Polygender
Nolda,cnoldaoa@chron.com,Female
Lanaway,rlanawayob@edublogs.org,Female
Di Antonio,adiantoniooc@sphinn.com,Female
Hoyt,dhoytod@odnoklassniki.ru,Male
Meggison,emeggisonoe@ustream.tv,Male
Mc Grath,fmcgrathof@naver.com,Female
Trethewey,mtretheweyog@businesswire.com,Female
Mellon,amellonoh@japanpost.jp,Female
Seabourne,bseabourneoi@google.com.br,Female
Glayzer,cglayzeroj@berkeley.edu,Male
Le Jean,blejeanok@aboutads.info,Male
Leahair,fleahairol@imageshack.us,Female
Wyllt,dwylltom@macromedia.com,Male
Deighton,adeightonon@wired.com,Male
Gomes,agomesoo@typepad.com,Male
Vanstone,bvanstoneop@storify.com,Female
Clew,tclewoq@telegraph.co.uk,Female
Stockney,vstockneyor@zimbio.com,Female
Mac Geaney,jmacgeaneyos@furl.net,Female
Schultes,kschultesot@businesswire.com,Female
Cherry,bcherryou@mozilla.com,Non-binary
Knoton,tknotonov@umn.edu,Female
Gilbeart,agilbeartow@digg.com,Male
Kyteley,hkyteleyox@umn.edu,Female
Tudbald,rtudbaldoy@senate.gov,Female
Frangleton,pfrangletonoz@photobucket.com,Male
Girkin,mgirkinp0@nytimes.com,Female
Kliemann,wkliemannp1@weibo.com,Female
Pauli,rpaulip2@rambler.ru,Male
Barttrum,bbarttrump3@bbc.co.uk,Female
Latek,rlatekp4@loc.gov,Genderfluid
Romi,iromip5@alexa.com,Female
Olesen,colesenp6@imdb.com,Female
Tarbox,mtarboxp7@merriam-webster.com,Male
Mergue,emerguep8@toplist.cz,Male
Windram,gwindramp9@google.ru,Male
Tipling,ttiplingpa@people.com.cn,Female
Boniface,abonifacepb@howstuffworks.com,Male
Amys,samyspc@intel.com,Female
Urpeth,yurpethpd@redcross.org,Male
Yakebovich,dyakebovichpe@joomla.org,Male
Mallia,vmalliapf@bravesites.com,Male
Vedyasov,pvedyasovpg@scientificamerican.com,Male
Heggison,cheggisonph@instagram.com,Female
Kingsland,tkingslandpi@homestead.com,Male
Chinge de Hals,mchingedehalspj@networksolutions.com,Male
Purvess,bpurvesspk@behance.net,Female
Stapels,ystapelspl@mail.ru,Male
Oaker,moakerpm@goo.ne.jp,Female
Jepensen,djepensenpn@army.mil,Bigender
Hagard,mhagardpo@accuweather.com,Male
Thorsby,sthorsbypp@theglobeandmail.com,Female
Dickins,cdickinspq@drupal.org,Female
Llop,hlloppr@google.ru,Male
Copplestone,ccopplestoneps@marketwatch.com,Female
Wombwell,gwombwellpt@yellowpages.com,Female
Kynnd,mkynndpu@house.gov,Male
Wodeland,rwodelandpv@360.cn,Female
Tincey,ttinceypw@go.com,Female
Hatley,rhatleypx@sciencedaily.com,Polygender
Karpfen,lkarpfenpy@goo.gl,Male
Wreiford,swreifordpz@weebly.com,Male
Ganter,rganterq0@wikia.com,Female
Nasey,snaseyq1@ft.com,Male
Shenton,wshentonq2@va.gov,Genderfluid
Abbie,babbieq3@guardian.co.uk,Female
Pilmore,ppilmoreq4@kickstarter.com,Female
Creavan,acreavanq5@infoseek.co.jp,Female
Balbeck,gbalbeckq6@upenn.edu,Female
Chasemore,ochasemoreq7@loc.gov,Polygender
Skeath,kskeathq8@pagesperso-orange.fr,Genderfluid
Wardell,cwardellq9@google.pl,Male
Brodhead,nbrodheadqa@answers.com,Female
Waterfield,jwaterfieldqb@omniture.com,Male
Buncombe,rbuncombeqc@umn.edu,Male
Marle,cmarleqd@house.gov,Female
De la Barre,vdelabarreqe@apache.org,Female
Willis,awillisqf@wikipedia.org,Male
Brazelton,lbrazeltonqg@google.com.au,Female
Adamiec,badamiecqh@cbc.ca,Female
Zwicker,pzwickerqi@hibu.com,Male
Meadowcraft,cmeadowcraftqj@cloudflare.com,Male
Klaes,sklaesqk@dell.com,Male
Purbrick,hpurbrickql@xing.com,Male
Collimore,ccollimoreqm@indiatimes.com,Male
McKelvey,bmckelveyqn@nba.com,Female
Sudddard,wsudddardqo@thetimes.co.uk,Male
Keymar,mkeymarqp@elegantthemes.com,Female
Cleeve,dcleeveqq@sitemeter.com,Non-binary
Grimston,ggrimstonqr@sakura.ne.jp,Male
Penman,dpenmanqs@dagondesign.com,Agender
Powner,spownerqt@hp.com,Male
Spradbery,pspradberyqu@princeton.edu,Male
Woolrich,dwoolrichqv@parallels.com,Male
Segot,dsegotqw@sciencedirect.com,Male
McAlarney,tmcalarneyqx@about.com,Genderfluid
Quelch,fquelchqy@telegraph.co.uk,Female
Chavey,fchaveyqz@nyu.edu,Female
Monnoyer,mmonnoyerr0@zdnet.com,Male
Derell,sderellr1@rediff.com,Female
Sleith,esleithr2@seesaa.net,Male
Bursnoll,sbursnollr3@flavors.me,Male
Bernardt,gbernardtr4@mayoclinic.com,Male
Barkhouse,abarkhouser5@unicef.org,Male
Cawson,kcawsonr6@weebly.com,Female
Swindlehurst,pswindlehurstr7@answers.com,Female
Terrett,bterrettr8@imageshack.us,Male
Symon,ssymonr9@gov.uk,Male
Widdecombe,awiddecombera@usa.gov,Female
Whannel,rwhannelrb@wiley.com,Male
Ticic,dticicrc@live.com,Female
Cuer,jcuerrd@joomla.org,Female
Chessun,hchessunre@storify.com,Female
Paule,spaulerf@ebay.com,Agender
Prydie,wprydierg@sakura.ne.jp,Female
Pietruszka,rpietruszkarh@pcworld.com,Male
Collopy,ecollopyri@npr.org,Male
Seckom,kseckomrj@gmpg.org,Agender
Vineall,cvineallrk@fastcompany.com,Non-binary
Algar,malgarrl@nydailynews.com,Genderqueer
Busch,tbuschrm@istockphoto.com,Female
Yukhnov,byukhnovrn@cbc.ca,Non-binary
McCrudden,nmccruddenro@360.cn,Male
Axelbee,caxelbeerp@so-net.ne.jp,Female
Donnelly,jdonnellyrq@cdbaby.com,Male
Elt,meltrr@taobao.com,Female
